약물번호,한글명,영문명,분류/구분,이화학정보,남용정보,약물정보
T12,페닐프로파놀아민,Phenylpropanolamine,기타,"생체내이용률은 거의 100%이며, 간에서 norephedrine으로 대사된다.  반감기는 4.6-6.6 시간이며 주로 미변화체로서(80-90%) 뇨를 통해 배설된다.","고혈압, 심계항진, 불면, 초조, 어지러움(dizziness), 구갈, 오심, 흉부 압박감, 서맥, 부정맥, 협심증, 중증의 두통, 불안, 신경과민, 초조,  배뇨곤란",
T11,노르슈도에페드린,Norpseudoephedrine,기타,,"신경과민, 운동항진, 불면",
T10,사이로빈 버섯,Psilocybin Mushrooms,기타,,,"이 버섯은 불법적인 마약이나 술과 함께 하거나 단독으로 할 수 있다. 버섯의 갓과 즐기는 신선한 상태나 말린 상태로 먹기도 하며 쓴맛 때문에 가루로 빻아서 캡슐에 넣어 복용하기도 한다. 차로 끓여서 사용하기도 하며 종종 다른 음식에 첨가하여 먹기도 하는데, 어떤 사용자들은 말린 이 버섯을 마리화나와 함께 담배로 피우기도 한다"
T09,날부핀,Nalbuphine,향정신성의약품,,,"염산날부핀은 앰플의 형태로 판매되고 있어 피하, 근육 및 정맥주사의 형태로 투약되는데 상용량은 70kg인 사람을 기준으로 할 때 1회 10mg을 3-6시간마다 주사하나 남용자의 경우에는 상용량의 20배를 투약하여 중추신경 억제와 환각성의 발현을 도모하고 있다."
T08,카트,Khat,기타,,,
T06,GHB,GHB,기타,,,"GHB 는 거리에서 액체나 분말 상태로 쉽게 구할 수 있고 보다 일반적으로 이용되고 있는 것은 액체상태이다. GHB를 정제와 캅셀화 하고 있다는 보고 있다. 1회분 가격은 $5~10 정도이며, 주로 분말, 캡슐 또는 물, 탄산음료, 이온음료, 술 등의 액체와 혼합하여 복용하거나 드물게 주사하기도 하며, 일회용량으로 분말 1～3g을 복용한다고 한다."
T05,카리소프로돌,Carisoprodol,향정신성의약품,,,
T04,덱스트로메토르판,Dextromethorphan,향정신성의약품,,,"정제형태로 되어 있어 경구로 남용하는데, 보통 남용자의 경우 덱스트로메토르판을 15mg함유하고 있는 정제를 30~40정 정도로 복용하며 내성이 쉽게 발현되어 상습 남용자는 100여정까지도 복용하게 된다."
T03,아편,Opium,마약,,,"헤로인과 모르핀은 주로 주사로 복용 되나 아편과 같이 흡연하기도 하고 코점막으로 흡입하기도 하는 반면, 아편은 흡연하거나 코점막을 통해 snort한다. Codeine, Oxycodone과 hydrocodone은 경구로 투여되나 다른 opioid는 주사로 투여된다."
T02,4-메칠치오암페타민,4-methylthioamphetamine,기타,,,
T01,메칠펜타닐,Methylfentanyl,기타,,,통상 정맥주사로 투여하지만 연기로 흡입하기도 한다고 한다.
P99,브롬디에칠아세칠우레아,Bromdiethylacetylurea,향정신성의약품,,,
P98,아릴이소프로필아세칠우레아,Allylisopropylacetylurea,향정신성의약품,,,
P97,펜타조신,Pentazocine,향정신성의약품,"단백결합률은 60%이며, 초회통과효과가 크고, 간에서 산화, glucuronide 포합으로 대사된다. 반감기는 2-3 시간, 간기능이 저하된 경우 연장되며, 소량은 미변화체로 뇨로 배설된다.","근신경 및 골격계 쇠약, 오심, 구토, 쾌감, 졸음, 시야몽롱, 요관경련, 저혈압, 구갈, 권태, 두통, 초조, 악몽, 피부발진, 호흡곤란, 내분비계 및 대사로 항이뇨호르몬(ADH) 분비, 눈의 축동, 심계항진, 서맥, 말초혈관확장, 위장장애, 변비, 불면, 중추신경계 억제, 진정, 환각, 혼동, 방향감 상실, 발작(경련의 소인이 있는 환자), 뇌압상승, 피부소양증, 담도경련, 요도경련, histamine 유리, 육체적, 정신적 의존성",
P96,썰폰메탄,Sulfonmethane,향정신성의약품,,,
P95,썰폰에칠메탄,Sulfonethylmethane,향정신성의약품,,,
P94,썰폰디에칠메탄,Sulfondiethylmethane,향정신성의약품,,,
P93,메치푸리론,Methyprylon,향정신성의약품,,,
P92,메프로바메이트,Meprobamate,향정신성의약품,,,
P91,리저직산 아미드,Lysergic acid amide,향정신성의약품,,,
P90,리저직산,Lysergic acid,향정신성의약품,,,
P89,구루테치미드,Glutethimide,향정신성의약품,,,
P88,크로로헥사돌,Chlorhexadol,향정신성의약품,,,
P87,치아미랄,Thiamylal,향정신성의약품,,"오심, 근육의 불수의 운동, 부정맥, 타액분비 과다, 두통, 현기증, 경련, 흥분, 기침, 딸꾹질, 발한, 안면홍조, 복시, 마비감, 쇼크",
P86,엘도랄,Eldoral,향정신성의약품,,,
P85,펜테날,Pentenal,향정신성의약품,,,
P84,시그모달,Sigmodal,향정신성의약품,,,
P83,카르부바르비탈,Carbubarbital,향정신성의약품,,,
P82,비닐비탈,Vinylbital,향정신성의약품,,,
P81,레포살,Reposal,향정신성의약품,,,
P80,이도부탈,Idobutal,향정신성의약품,,,
P79,도르모비트,Dormovit,향정신성의약품,,,
P78,디베랄,Diberal,향정신성의약품,,,
P77,바로타룸,Barotalum,향정신성의약품,,,
P76,빈바르비탈,Vinbarbital,향정신성의약품,,,
P75,치오펜탈,Thiopental,향정신성의약품,,,
P74,테트라바르비탈,Tetrabarbital,향정신성의약품,,,
P73,스피로치오바르비탈,Spirothionbarbital,향정신성의약품,,,
P72,프로필바르비탈,Propylbarbital,향정신성의약품,,,
P71,프로파리로날,Propallylonal,향정신성의약품,,,
P70,프로바르비탈,Probarbital,향정신성의약품,,,
P69,페타아비탈,Phetharbital,향정신성의약품,,,
P68,페노바르비탈,Phenobarbital,향정신성의약품,"경구투여시  70-90%가 흡수되며 단백결합률은  20-45%이다. 간에서 hydroxylation되고 glucuronide 포합되는데 반감기는 신생아가 45-500 시간,  영아가 20-133 시간, 소아가 37-73 시간, 성인이 53-140 시간이며 혈중최고농도 도달시간은  경구투여시 1-6 시간 이내이다. 20-50%가 소변으로 미변화된 형태로  배설된다.","주사부위 통증, 정맥주사시 혈전성 정맥염, 저혈압, 심부정맥, 서맥, 동맥경련, 부주의하게 동맥내 투여된 경우 괴저(gangrene) 발생, 어지러움(dizziness), 현기증(lightheadedness), 숙취
(hangover effect), 졸음, 기면, 중추신경계 흥분 또는 억제, 판단력 저하, 오심, 구토, 변비, 혼동, 의식저하, 비정상적인 흥분, 신경과민, 기절감, 두통, 불면, 악몽, 저혈압, 환각, 저체온증, 박탈성 피부염(exfoliative dermatitis), Stevens-Johnson 증후군, 피부발진, 무과립구증, 거대적아구성 빈혈, 혈소판감소증, 후두경련, 호흡저하, 무호흡 (특히 빠르게 정맥주사할 경우)",
P67,펜토바르비탈,Pentobarbital,향정신성의약품,"단백결합은 35-55%이며, 간에서 hydroxylation, oxidation으로 많은 양이 대사된다. 반감기는 소아는 25시간, 정상 성인은 25시간 (35-50 시간)이며  1% 미만이 소변으로 미변화 배설된다.","주사부위 통증, 정맥주사시 혈전성 정맥염, 심부정맥, 서맥, 저혈압, 동맥경련, 부주의하게 동맥내 투여된 경우 괴저(gangrene) 발생, 졸음, 기면, 중추신경계 흥분 또는 억제, 판단력 저하, 숙취(hangover effect), 오심, 구토, 변비, 혼동, 의식저하, 비정상적인 흥분, 신경과민, 기절감, 두통, 불면, 악몽, 저체온증, 혈전성 정맥염, 저혈압, 환각, 피부발진, 박탈성 피부염(exfoliative dermatitis), Stevens-Johnson 증후군, 무과립구증, 혈소판감소증, 거대적아구성 빈혈, 후두경련, 호흡저하, 무호흡 (특히 빠르게 정맥주사할 경우)",
P66,네알바르비탈,Nealbarbital,향정신성의약품,,,
P65,니아코바르비탈,Narcobarbital,향정신성의약품,,,
P64,메칠페노바르비탈,Methylphenobarbital,향정신성의약품,,,
P63,메토헥시탈,Methohexital,향정신성의약품,,,
P62,메타아비탈,Metharbital,향정신성의약품,,,
P61,헥소바르비탈,Hexobarbital,향정신성의약품,,,
P60,헥세탈,Hexethal,향정신성의약품,,,
P59,헵토바르비탈,Heptobarbital,향정신성의약품,,,
P58,헵타바르비탈,Heptabarbital,향정신성의약품,,,
P57,에트아로바르비탈,Ethallobarbital,향정신성의약품,,,
P56,엔아릴푸로피말,Enallylpropymal,향정신성의약품,,,
P55,싸이크로펜토바르비탈,Cyclopentobarbital,향정신성의약품,,,
P54,싸이크로바르비탈,Cyclobarbital,향정신성의약품,,,
P53,부토바르비탈,Butobarbital,향정신성의약품,,,
P52,부타리로날,Butallylonal,향정신성의약품,,,
P51,부탈비탈,Butalbital,향정신성의약품,,,
P50,섹부타바르비탈,Secbutabarbital,향정신성의약품,,,
P49,부라로바르비탈,Brallobarbital,향정신성의약품,,,
P48,바르비탈,Barbital,향정신성의약품,,,
P47,아프로바르비탈,Aprobarbital,향정신성의약품,,,
P46,아모바르비탈,Amobarbital,향정신성의약품,,"어지러움(dizziness), 현기증(lightheadedness), 숙취 (hangover effect), 졸음, 중추신경계 억제, 발열, 오심, 구토, 변비, 혼동, 의식저하, 비정상적인 흥분, 신경과민, 기절감, 두통, 불면, 악몽, 혈전성 정맥염, 저혈압, 환각, 피부발진, 박탈성 피부염(exfoliative dermatitis), Stevens-Johnson 증후군, 무과립구증, 거대적아구성 빈혈, 혈소판감소증, 호흡저하, 무호흡, 후두경련",
P45,알페날,Alphenal,향정신성의약품,,,
P44,아로바르비탈,Allobarbital,향정신성의약품,,,
P43,지페프롤,Zipeprol,향정신성의약품,"경구 투여시 신속하게 흡수되며, 1-5%만이 미변화체로 뇨를 통해 배설된다.","오심, 변비, 졸음, 어지러움(dizziness)등이 있을 수 있으며, 과량복용시는 약물남용 및 의존성이 생길 수 있다.",
P42,세코르바르비탈,Secobarbital,향정신성의약품,,,
P41,벤즈페타민,Benzphetamine,향정신성의약품,,,
P40,펜캄파민,Fencamfamin,향정신성의약품,,,
P39,엔-에칠-암페타민,N-ethylamphetamine,향정신성의약품,,,
P38,페네틸린,Fenetylline,향정신성의약품,,,
P37,엠디엠에이,MDMA,향정신성의약품,,,
P36,"2,5-디메톡시-4-에칠-암페타민","2,5-dimethoxy-4-ethylamphetamine",향정신성의약품,,,
P35,케치논,Cathinone,향정신성의약품,,,
P34,펜프로포렉스,Fenproporex,향정신성의약품,,,
P33,펜사이크리딘,Phencyclidine,향정신성의약품,,,
P32,메타콰론,Methaqualone,향정신성의약품,,,
P31,메크로콰론,Mecloqualone,향정신성의약품,,,
P30,펜메트라진,Phenmetrazine,향정신성의약품,,,
P29,메칠페니데이트,Methylphenidate,향정신성의약품,"위장관에서 서서히 흡수되나 불완전하게 흡수된다. 간에서 hydroxylation되어 ritolinic acid로 대사되며 반감기는  2-4 시간이고, 대사체 및 미변화체로 뇨로 배설되는데, 45-50%는 담즙을 통해 대변으로 배설된다.","빈맥, 식욕부진, 신경과민, 불면, 위통, 현기, 졸음, 기타  과민반응, 성장지연, 시야몽롱, 고혈압, 저혈압, 심계항진, 심부정맥,  오심, 체중 감소, 구토, 운동장애, Tourette 증후군의 악화, 발열, 두통, 경련, 피부발진, 혈소판감소증, 빈혈, 백혈구감소증",
P28,하이드록시암페타민,Hydroxyamphetamine,향정신성의약품,,,
P27,메스암페타민,Methamphetamine,향정신성의약품,,,"메스암페타민의 남용방법은 주로 정맥이나 피하주사로 투여되지만 경구, 코점막흡수, 흡연 등으로도 사용되는데, 우리나라에서는 대부분이 정맥주사에 의해 남용된다. 이 약물의 염산염 형태를 10～30mg정도 물에 녹혀 정맥 주사하는데, 심한경우는 2-3시간마다 500-1000mg을 주사하기도 한다. 경구투여하면 위장관을 통해 잘 흡수되며 신체 각 부위에 잘 분포되며, 흡연에 의해 폐로 흡수되든가 snorting에 의해 코점막으로 흡수된다. 남용자들은 암페타민의 경우는 가끔 사용하는 사람은 5～15mg을, 남용자는 매일 100～1000mg을 경구나 코점막으로 섭취한다고 한다. 최근 미국에서는 ice라는 이름으로 통용되는 (d)체의 메스암페타민을 쿠킹호일과 버너를 이용하여 흡연하는 방법으로 남용하는 것으로 알려져 있다. 
   정맥또는 흡입에의해 남용자들은 몇분동안 지속되는 아주 즐거운 상태가 되는 “rush"" 또는 ‘flush""라고 알려진 강한 감동을 경험하게 되는 반면, 경구 또는 코점막에 의해서는 기분이 좋은 안락감을 느낀다고 한다. 흡연이나 주사에 의해서는 작용이 빨라 5-10초안에 효과가 나타나며, 코점막에의해서는 3-5분, 경구투여에 의해서는 15-20분이내에 효과가 나타난다고 한다. 상용량은 10mg으로 알려져 있으나 약물 남용자들은 보통 30mg을 정맥주사 하는 것으로 알려져 있다."
P26,레브암페타민,Levamphetamine,향정신성의약품,,,
P25,덱스암페타민,Dexamphetamine,향정신성의약품,,,
P24,암페타민,Amphetamine,향정신성의약품,,,
P23,에트립타민,Etryptamine,향정신성의약품,,,
P22,메스케치논,Methcathinone,향정신성의약품,,,
P21,펜사이클리딘의 동족체,Phencyclidine analogues,향정신성의약품,,,"PCP는 담배로 피우거나 코로 흡입해 주사 또는 구강투여를 하는데 담배로 피우는 방법이 PCP의 사용자의 75%에 해당되며, 담배로 피울 때는 사용자가 2분 이내 그 효과를 느낄 수 있다.  PCP는 담배를 피우기 위해 용액에 궐련을 담궜다가 피우게 된다. PCP로 사용하던 인기 있는 궐련의 상표는 Shermans 이고, 거리에서는 Sherms, sermies or Sherm stick 불리고 있다.  액체 PCP는 뿌릴 수도 있고 적실 수도 있다. 파슬리 잎, 박화, 토바코, 마리화나 또는 다른 담배로 채울 수 있는 채소에 PCP가루를  뿌리거나 말아서 이용한다."
P20,싸이로신,Psilocin,향정신성의약품,,,
P19,싸이로시빈,Psilocybin,향정신성의약품,,,
P18,페이오트,Peyote,향정신성의약품,,,"● 섭취 
페이요트는 신선한 것이든 말린 것이든 보통 씹어서 삼켰다 1회 정상적인 양은 4개에서 12개 범위이다. 많은 사용자들은 페이요트 맛이 지독하게 쓰고 구역질이 나는 것을 알게된다. 이것을 방지하기 위해 제라틴 캡슐에 넣는다. 페이요트를 끓여서 농도가 짙고 까만차로 만든다. 드물게는 가루로 만들어 마리화나 또는 다른 식물과 함께 담배로 피운다."
P17,파라헥실,Parahexyl,향정신성의약품,,,
P169,크라톰,Kratom,향정신성의약품,,,
P168,2C-B,2C-B,향정신성의약품,,,
P167,디메칠암페타민,Dimethylamphetamine,,,,
P166,케타민,Ketamine,향정신성의약품,,,"케타민은 수술을 하기위한 마취제이고 정맥주사를 하도록 제조 되고 있다. 정맥주사를 하면 신속히 마취가 되고 30초 의식이 없게 된다. 대부분의 케타민 남용자는 근육주사,코로 흡입 하거나 ,구강투여를 하고 있다. 코로 흡입 또는 구강 소비를 하기위해 액체를 끓여서 분말로 만든다.  
  분말을 코카인 과같이 코로 흡입하거나 물에 타서 마신다. 코로 흡입하거나 마신 경우에는 효과가 5-10분내에 시작된다.근육주사를 하는 경우에는 2-5분 내에 느낀다."
P165,메소카브,Mesocarb,향정신성의약품,,,
P164,아미노렉스,Aminorex,향정신성의약품,,,
P163,졸피뎀,Zolpidem,향정신성의약품,"단백결합률은 92%정도이고, 간에서 비활성형 대사체로 대사된다. 반감기는 2-2.6 시간이며 뇨료 배설된다.","근육통, 오심, 설사, 두통, 졸음, 어지러움, 진전, 구토, 건망증, 혼동",
P162,멕사졸람,Mexazolam,향정신성의약품,"체내 반감기는 약 23시간 정도이며, 혈중최고농도 도달시간는 경구투여시 약 1시간정도이다.","졸음, 간의 GOT/GPT 및 alkaline phosphatase 상승, 근긴장 저하, 성욕 감퇴, 기립성 저혈압, 저혈압, 구갈, 오심, 구토, 식욕부진, 위부 불쾌감, 위트림, 위통, 복통, 설사, 현기증, 균형감 상실, 두통, 두중감, 건망증, 섬망, 운동실조, 비정상적 꿈, 권태, 피부발진, 백혈구감소증, 적혈구감소증, 혈색소량 감소",
P161,플루토프라제팜,Flutoprazepam,향정신성의약품,,,
P160,조피클론,Zopiclone,향정신성의약품,"생체내이용률은 80%정도이며, 단백결합률은 45%정도이다. 많은 양이 간에서 대사되며 탈탄산화가 주 대사경로 (약 50%)이고, N-oxide (활성형), N-desmethyl 대사체 (비활성형) 및 기타 비활성형 대사체로 대사된다. 반감기는 미변화체, 활성형 대사체가 약 4-6 시간 이며 혈중최고농도 도달시간은 1-1.5 시간이다.","쓴 맛, 진전, 구갈, 졸음, 두통, 어지러움, 초조, 피로, 악몽, 숙취 효과, 오심, 구토, 상복부 통증, 설사, 변비, 건망증, 육체적 의존성",
P16,엔-메칠-3-피레리딜 벤질레이트,N-methyl-3-piperidylbenzilate,향정신성의약품,,,
P159,트리아졸람,Triazolam,향정신성의약품,"단백결합률은 89%정도 이고, 반감기는 1.7-5 시간이며 미대사체와 대사체로 신배설된다.","구음장애(dysarthria), 성욕 감소, 시야몽롱, 빈맥, 흉통, 구갈, 타액분비 감소, 변비, 오심, 구토, 설사, 식욕 증가나 감소, 졸음, 피로, 협조 장애(impaired coordination), 현기증, 기억 장애, 불면, 불안, 우울, 두통, 피부발진, 발한",
P158,테트라제팜,Tetrazepam,향정신성의약품,,,
P157,테마제팜,Temazepam,향정신성의약품,,"불면증, 근심, 공항, 식욕 감퇴, 메스꺼움, 떨림, 그리고 때때로 환각을 포함한 금단 증상들이 나타난다.",
P156,피로발레론,Pyrovalerone,향정신성의약품,,,
P155,피리칠디온,Pyrithyldione,향정신성의약품,,,
P154,프로필헥세드린,Propylhexedrine,향정신성의약품,,,
P153,프라제팜,Prazepam,향정신성의약품,,,
P152,피프라드롤(알파 또는 감마),Pipradol,향정신성의약품,,,
P151,피나제팜,Pinazepam,향정신성의약품,"체내에서 desmethyldiazepam으로 대사되며, 반감기는 약 12시간 정도이다.","이명, 복시, 시야몽롱, 심계항진, 오심, 구토, 설사, 변비, 식욕부진, 구갈, 위부 불쾌감, 팽만감, 복부통, 가슴앓이, 졸음, 어지러움, 비틀거림, 두중감, 두통, 두부 압박감, 불면, 보행실조, 권태감, 탈력감, 소양감, 발진",
P150,펜터민,Phentermine,향정신성의약품,,"부작용으로는 입의 마름, 불면증, 흥분, 위경련, 변비가 약에 대해 몸이 조절하기 위해 우선 며칠동안 발생한다. 만약 이런 효과가 지속될 수 있다.",
P15,메스카린,Mescaline,향정신성의약품,,,페이요트는 신선한 것이든 말린 것이든 보통 씹어서 삼켰다 1회 정상적인 양은 4개에서 12개 범위이다. 많은 사용자들은 페이요트 맛이 지독하게 쓰고 구역질이 나는 것을 알게된다. 이것을 방지하기 위해 제라틴 캡슐에 넣는다. 페이요트를 끓여서 농도가 짙고 까만차로 만든다. 드물게는 가루로 만들어 마리화나 또는 다른 식물과 함께 담배로 피운다.
P149,펜티메트라진,Phendimetrazine,향정신성의약품,,"펜디메트라진 과용시 증상은 불안감, 떨림, 빠른 호흡, 환각, 혼동, 공포, 메스꺼움, 구토, 불규칙한 심장박동, 발작을 일으키게 된다.",
P148,페트리클로랄,Petrichloral,향정신성의약품,,,
P147,페몰린,Pemoline,향정신성의약품,,,
P146,파르알데히드,Paraldehyde,향정신성의약품,,,
P145,옥시퍼어틴,Oxypertine,향정신성의약품,,,
P144,옥사졸람,Oxazolam,향정신성의약품,,,
P143,옥사제팜,Oxazepam,향정신성의약품,,,
P142,놀라제팜(데메칠다이제팜),Nordazepam,향정신성의약품,"단백결합률은 약 97%정도이며 간에서 oxazepam으로 가수분해된다. 반감기는 2-5일정도이며, 혈중최고농도 도달시간은 약 90분이고,  대부분 대사체로서 신배설된다.","황달, 성욕 변화, 뇨저류, 실금, 빈맥, 저혈압, 오심, 구토, 식욕부진, 변비, 구갈, 타액분비 변화, 졸음, 협조 장애, 현기증, 운동실조, 보행실조, 피로, 두통, 언어장애, 권태, 탈력감, 피부발진, 호흡 억제, 부종, 진전, 시야몽롱, 복시, 안구진탕증, 실신, 혼동, 우울, 쾌감, 백혈구감소증, 호중구감소증",
P141,니트라제팜,Nitrazepam,향정신성의약품,,,
P140,니메타제팜,Nimetazepam,향정신성의약품,,,
P14,엘 에스 디 / 엘 에스디-25,LSD / LSD-25,향정신성의약품,,,LSD는 통상 압지의 사각형 조각을 혀 위에 올려놓아 섭취하는데 침에 의해서 용해되어 점막을 통해 흡수된다. 이 방법이 가장 빠른 효과를 나타낸다. LSD는 음식과 섞어서 함께 복용하거나 정제나 각설탕에 덧붙여서 복용하며 위에서 흡수된다. 또한 LSD는 피부를 통해서 직접 흡수되기도 하나 LSD는 고열에 파괴되고 담배로 피워서 복용할 수는 없다.
P139,미다졸람,Midazolam,향정신성의약품,"단백결합률은 95%정도이며 생체내이용률은 평균 45%정도이다. 반감기는 1-4 시간정도이고, Glucuronide 포합체로 신배설된다.","주사부위의 통증 및 국소 반응 (diazepam보다는 약하다.), 딸꾹질, 시야몽롱, 복시(diplopia), 심장마비, 저혈압, 서맥, 오심, 구토, 졸음, 운동실조, 건망증, 현기증(dizziness), 역설적인 흥분, 분노, 진정, 두통, 호흡 억제, 무호흡, 후두 경련, 기관지 경련, 장기간 사용하는 경우 신체적, 정신적 의존성, 빈맥, 섬망(delirium), 피부염, 천명",
P138,메페노렉스,Mefenorex,향정신성의약품,,,
P137,메다제팜,Medazepam,향정신성의약품,,,
P136,마진돌,Mazindol,향정신성의약품,,,
P135,로르메타제팜,Lormetazepam,향정신성의약품,,,
P134,로라제팜,Lorazepam,향정신성의약품,"단백결합률은 85%이며 간에서 비활성체로 대사된다. 반감기는 신생아가 40.2 시간, 소아가 10.5 시간, 성인이 12.9 시간, 노인이 15.9 시간정도이며 대부분이 뇨로 배설된다.","정맥염, 주사부위의 통증, 협조 장애(impaired coordination), 구음장애(dysarthria), 성욕 감소, 시야몽롱, 복시(diplopia), 빈맥, 흉통, 구갈, 변비, 설사, 오심, 구토, 식욕 증가나 감소, 타액분비감소, 졸음, 혼동, 운동실조, 건망증, 언어장애(slurredspeech), 역설적인 흥분, 분노, 두통, 우울, 불안, 피로, 현기증(lightheadedness), 불면, 피부발진, 발한",
P133,로프라졸람,Loprazolam,향정신성의약품,,,
P132,레페타민,Lefetamine,향정신성의약품,,,
P131,케타졸람,Ketazolam,향정신성의약품,,,
P130,할록사졸람,Haloxazolam,향정신성의약품,,,
P13,이보게인,Ibogaine,향정신성의약품,,,
P129,할라제팜,Halazepam,향정신성의약품,,,
P128,플루라제팜,Flurazepam,향정신성의약품,"간에서 활성체인 N-desalkylflurazepam으로 대사 되는데, 체내 반감기는 40-114 시간 정도이다.","구음장애(dysarthria), 성욕 감소, 시야몽롱, 빈맥, 흉통, 구갈, 변비, 타액분비 감소, 오심, 구토, 설사, 식욕 증가나 감소, 졸음, 피로, 협조 장애(impaired coordination), 현기증, 기억 장애, 불면, 불안, 우울, 두통, 피부발진, 발한",
P127,플루디아제팜,Fludiazepam,향정신성의약품,,,
P126,펜플루라민,Fenfluramine,향정신성의약품,,,
P125,에티졸람,Etizolam,향정신성의약품,"유즙으로 소량 분비되며 반감기는 6시간정도이고, 혈중최고농도 도달시간은 경구투여시 약 3시간이다.  약 54%가 신배설된다.","졸음, 현기증, 신체 협조의 장애, 근육 이완, 배뇨장애, 심계항진, 기립성 저혈압, 구갈, 오심, 구토, 식욕부진, 변비, 설사, 보행실조, 두통, 두중감, 언어장애, 불면, 명정감, 권태, 탈력감, 피부발진, 담마진, 호흡곤란, 발한, 간의 GOT/GPT 상승, 진전, 시야몽롱, 조절 장해, 흥분, 초조, 코막힘, 부종",
P124,에칠로프라제페이트,Ethyl Loflazepate,향정신성의약품,"반감기는 122시간이고 혈중최고농도 도달시간은 1.2 시간이며, 14일 이내에는 투여량의 50%가 뇨로 배설됨","시야몽롱, 졸음, 기상 곤란, 현기증, 균형감 상실, 두통, 언어장애, 마비감, 간의 GOT/GPT 상승, 근육 이완, 성욕 감퇴, 복통, 식욕부진, 오심, 변비, 구갈, 권태, 피로, 탈력감, 피부발진, 소양증, 백혈구감소증, 호산구증가증, urobilinogen 증가, 이명, 복시, 잔뇨감, 빈뇨, 구음장애, 미각이상, 위통, 심와부통, 가슴앓이, 설사, 구내염, 불면, 초조, 불쾌감, 피부발적, 코곯이, 냉감",
P123,에치나메이트,Ethinamate,향정신성의약품,,,
P122,에스크로비놀,Ethchlorvynol,향정신성의약품,,,
P121,에스타졸람,Estazolam,향정신성의약품,,"구음장애(dysarthria), 성욕 감소, 시야몽롱, 빈맥, 흉통, 구갈, 변비, 타액분비 감소, 오심, 구토, 설사, 식욕 증가나 감소, 졸음, 피로, 협조 장애(impaired coordination), 현기증, 기억 장애, 불면, 불안, 우울, 두통, 피부발진, 발한",
P120,디아제팜,Diazepam,향정신성의약품,경구투여시  85-100%가 흡수되며 단백결합률은 98%이다. 주로 간에서 대사되며  반감기는 Diazepam이 20-50 시간이고 주 활성형 대사체인 Desmethyldiazepam은 50-100 시간정도이다.,"정맥염, 주사부위의 통증, 협조 장애(impaired coordination), 구음장애(dysarthria), 성욕 감소, 시야몽롱, 복시(diplopia), 심장마비, 저혈압, 서맥, 심혈관 허탈, 빈맥, 흉통, 구갈, 타액분비 변화, 변비, 오심, 구토, 설사, 식욕 증가나 감소, 졸음, 운동실조, 건망증, 언어장애(slurred speech), 역설적인 흥분, 분노, 피로, 현기증(lightheadedness), 피부발진, 호흡수 감소, 무호흡, 후두경련, 발한",
P12,엔-에칠-3-피페리딜 벤질레이트,N-ethyl-3-piperidylbenzilate,향정신성의약품,,,
P119,델로라제팜,Delorazepam,향정신성의약품,,,
P118,클록사졸람,Cloxazolam,향정신성의약품,,,
P117,클로티아제팜,Clotiazepam,향정신성의약품,"단백결합률은 99% 이상이며 활성형 대사체로는 hydroxyclotiazepam, desmethylclotiazepam이 보고되었다.  반감기는 약 4-18 시간이며 혈중최고농도 도달시간은 0.5-1.5 시간이다.","수기, 휘청거림, 이명, 진전, 근육통, 관절통, 시야몽롱, 저혈압, 기립성저혈압, 빈맥, 오심, 구토, 식욕부진, 위통, 변비, 구갈, 현기증, 보행실조, 두통, 두중감, 피로, 권태, 탈력감, 발진, 소양증, 수족저림, 간기능검사치 상승, 언어장해, 부종, 금단증상",
P116,클로라제페이트,Clorazepate,향정신성의약품,"흡수되기 전에 산성인 위내에서 빠르게 탈탄산화되어 활성형인 desmethyldiazepam으로 대사되며, 간에서 활성형인 oxazepam으로 대사된다. ?반감기는 성인의 경우 Desmethyldiazepam은 48-96 시간, Oxazepam은 6-8 시간이며 혈중최고농도 도달시간은 경구투여시  1시간 이내이고, 주로 뇨로 배설된다.","구음장애(dysarthria), 성욕 감소, 시야몽롱, 빈맥, 흉통, 구갈, 변비, 설사, 타액분비 감소, 오심, 구토, 식욕 증가나 감소, 졸음, 피로, 협조 장애(impaired coordination), 현기증 (lightheadedness), 기억 장애, 불면, 불안, 두통, 우울, 피부발진, 발한",
P115,클로나제팜,Clonazepam,향정신성의약품,"경구로 잘 흡수도며, 단백결합률은 85%정도이다. 대부분 glucuronide와 sulfate 포합체로 대사되는데 반감기는 소아에서 22-33 시간, 성인에서 19-50 시간정도이며, 혈중최고농도 도달시간은 경구투여시 1-3 시간이다.","구음장애(dysarthria), 성욕 감소, 시야몽롱, 흉통, 오심, 변비, 구토, 설사, 구갈, 식욕 증가나 감소, 타액분비감소, 졸음, 피로, 협조 장애(impaired coordination), 현기증(lightheadedness), 기억 장애, 불면, 불안, 우울, 두통, 피부 발진(skin eruption, rash), 발한",
P114,클로바잠,Clobazam,향정신성의약품,,,
P113,클로르디아제폭사이드,Chlordiazepoxide,향정신성의약품,"단백결합률은 90-98%이고, 주로 간에서 활성형이고 장시간 효과를 나타내는 desmethyldiazepam으로 대사된다. 반감기는 6.6-25 시간이며 혈중최고농도 도달시간은 경구투여시 약 2시간 이내에 나타내며, 비대사체로 신배설되는 양은 매우 적다.","구음장애(dysarthria), 성욕 감소, 시야몽롱, 흉통, 오심, 변비, 구토, 설사, 구갈, 식욕 증가나 감소, 타액분비감소, 졸음, 피로, 협조 장애(impaired coordination), 현기증(lightheadedness), 기억 장애, 불면, 불안, 우울, 두통, 피부 발진(skin eruption, rash), 발한",
P112,클로랄하이드레이트,Chloral hydrate,향정신성의약품,"경구 및 직장내 투여로 잘 흡수된다. 태반을 통과하며, 유즙으로의 분비는 무시할 만하고, 단백결합률은  35-41%정도 이다. 활성형 대사체인 trichloroethanol로 신속하게 대사되며, 간, 신장에서 trichloroacetic acid (비활성형)으로의 대사는 개체차가 심하다.  반감기는 trichloroethanol  7-11 시간정도이며, 대사체로서 신배설되며, 소량은 담즙을 통해 대변으로 배설된다.","위 자극, 오심, 구토, 설사, 환각, 졸음, 숙취효과, 일에 서툴러짐, 발진, 두드러기, 고장(flatulence), 방향감 상실, 진정, 운동실조, 어지러움, 발열, 두통, 혼동, 역설적 흥분, 백혈구감소증, 호산구증가증, 육체적, 정신적 의존성 (고용량을 장기간 사용하는 경우)",
P111,클로랄비테인,Chloral betaine,향정신성의약품,,,
P110,케친,Cathine,향정신성의약품,,,
P11,디엠에이취피,DMHP,향정신성의약품,,,
P109,카마제팜,Camazepam,향정신성의약품,,,
P108,부토르파놀,Butorphanol,향정신성의약품,"빠르게 잘 흡수되며, 단백결합률은 80%정도이고 간에서 대사되는데 반감기는 2.5-4 시간이고 주소 뇨로 배설된다.","졸음, 배뇨장애, 안면홍조, 저혈압, 식욕부진, 오심, 구토, 현기, 어지러움, 두통, 발한 증가, 이명, 쇠약, 시야몽롱, 배뇨통, 서맥 또는 빈맥, 고혈압, 위경련, 변비, 구갈, 역설적 중추흥분, 혼동, 환각, 의식저하, 잘못된 행복감, 권태, 초조, 악몽, 중추신경계 억제, 피부발진, 호흡곤란, 단호흡, 호흡억제,  장기간 사용시 약물의존성",
P107,브로티졸람,Brotizolam,향정신성의약품,"위장관으로부터 신속하게 흡수되며 생체내이용률은 약 70%정도이다. 약 92%가 단백결합하며 간에서 수산화 대사체로 대사되는데 반감기는 평균 5시간 (범위 : 4-8 시간)이고, 혈중최고농도 도달시간은 1시간정도이다. 많은 양이 주로 대사체로 신배설되며, 약 20%는 대변으로 배설된다","구음장애(dysarthria), 성욕 감소, 시야몽롱, 빈맥, 흉통, 구갈, 타액분비 감소, 변비, 오심, 구토, 설사, 식욕 증가나감소, 졸음, 피로, 협조 장애(impaired coordination), 현기증, (lightheadedness), 기억 장애, 불면, 불안, 우울, 두통, 피부발진, 발한, 이명, 근신경 및 골격계 경직(rigidity), 진전, 근육 경련, 실신, 저혈압, 체중 증가나 감소, 타액분비 증가, 혼동, 신경과민, 현기증(dizziness), 정좌불능(akathisia), 피부염, 비충혈, 과호흡, 근신경 및 골격계의 반사 감소, 월경불순, 혈액이상, 약물 의존성",
P106,브로마제팜,Bromazepam,향정신성의약품,"체내에 신속히 흡수되며 생체내 이용률은 84%정도 이다. 반감기는 8-20 시간으로 혈중 최고 농도 도달시간은 1-2 시간이며, 약 70%가 대사체로서 뇨로되며, 2-3%는 미변화체로 배설되고 2-6%는 대변으로 배설된다.","진정, 졸음, 남성에서 성장호르몬 분비 증가, 안통, 시각장애, 저혈압, 어지러움, 운동실조, 학습능력 장애, EEG 변화, 실조성반응, 급성 금단 증후군",
P105,암페프라몬,Amfepramone,향정신성의약품,,,
P104,알프라졸람,Alprazolam,향정신성의약품,,,
P103,플루니트라제팜,Flunitrazepam,향정신성의약품,위장관으로부터 잘 흡수되며 생체내 이용률은 80-90%이다. 단백결합은 80%정도로 간에서 cytochrome P-450 효소계를 통해 많은 양이 대사된다.  반감기는 20-30 시간이며 주로 대사체로서 뇨로 배설되며 약 10%는 대변으로 배설된다.,"혈전정맥염, 딸꾹질, 근신경 및 골격계 피로감, 탈력감, 심계항진, 저혈압, 오심, 구강건조증, 설사, 졸음, 현훈, 운동실조, 두통, 피부 발진, 백혈구감소증, 빈혈, 혈소판감소증, 간기능검사 수치 상승, 귀 이명, 뇨실금, 배뇨곤란, 빈뇨, 구토, 위부 불쾌감, 식욕부진, 연변, 변비, 복통, 혀 거칠어짐, 가슴앓이, 타액분비 증가, 쓴 맛, 보행실조, 구음장애, 마비감, 동작완만, 기억력 저하, 명정감, 진전, 악몽, 기침, 호흡억제, 발한, 코골음, 안면홍조, 의존성, 금단증상","Rohypnol 5milligram 과 1milligram 은 직사각형 정제와 마찬가지로 1milliliter 주사용액에 1milligram으로 공급되고 있다. Hoffman-La Roche 은 1996년부터 1997년까지 1회에 2milligram 정제를 없애고 현재 둥근, 흰, 1milligram, 올리브 그린, 직사각형 정제숫자 542을 새긴 것을 공급하고 있다. 이 새로운 정제는 회사에 의하면 만약 정제를 음료에 넣으면 볼 수 있는 색깔이 있다고 한다"
P102,에프타조신,Eptazocine,향정신성의약품,,,
P101,부프레노르핀,Buprenorpine,향정신성의약품,,,
P100,브롬바레릴우레아,Bromvalerylurea,향정신성의약품,,,
P10,디메칠트립타민,Dimethyltryptamine,향정신성의약품,,,
P09,디에칠트립타민,Diethyltryptamine,향정신성의약품,,,
P08,부포테닌,Bufotenine,향정신성의약품,,,
P07,"3,4,5-트리메톡시암페타민","3,4,5-trimethoxyamphetamine",향정신성의약품,,,
P06,"3,4-메칠렌디옥시암페타민","3,4-methylenedioxyamphetamine",향정신성의약품,,,
P05,"4-메칠-2,5-메톡시암페타민","4-Methyl-2,5-dimethoxyamphetamine",향정신성의약품,,,
P04,"3-메톡시-4,5-메칠렌디옥시암페?","3-Methoxy-4,5-methylenedioxyamphetamine",향정신성의약품,,,
P03,4-메톡시암페타민,4-Methoxyamphetamine,향정신성의약품,,,
P02,"2,5-디메톡시암페타민","2,5-Dimethoxyamphetamine",향정신성의약품,,,
P01,"4-브로모-2,5-디메톡시 암페타민","4-Bromo-2,5-dimethoxyamphetamine",향정신성의약품,,,
N99,티리딘,Tilidine,마약,,,
N98,알펜타닐,Alfentanil,마약,,,
N97,디펜옥시,Difenoxin,마약,,,
N96,드로테바놀,Drotebanol,마약,,,
N95,프로피람,Propiram,마약,,,
N94,트리메페리딘,Trimeperidine,마약,,,
N93,라세모르판,Racemorphan,마약,,,
N92,라세모라마이드,Racemoramide,마약,,,
N91,라세메소르판,Racemethorphan,마약,,,
N90,프로페리딘,Properidine,마약,,,
N89,프로햅타진,Proheptazine,마약,,,
N88,피리트라마이드,Piritramide,마약,,,
N87,피미노딘,Piminodine,마약,,,
N86,페노페리딘,Phenoperidine,마약,,,
N85,페노모르판,Phenomorphan,마약,,,
N84,페나조신,Phenazocine,마약,,,
N83,페남프로마이드,Phenampromide,마약,,,
N82,페나독손,Phenadoxone,마약,,,
N81,페치딘 제조중간체 시,Pethidine Intermediate C,마약,,,
N80,페치딘 제조중간체 비,Pethidine Intermediate B,마약,,,
N79,페치딘 제조중간체 에이,Pethidine Intermediate A,마약,,,
N78,페치딘,Pethidine,마약,"단백결합률은 65-75%이며, 간에서 대사된다. 반감기의 경우 신생아는 23시간 (12-39 시간), 성인 : 2.5-4 시간이며 간 질환이 있는 성인의 경우는 7-11 시간, Normeperidine (활성대사체) 는 15-30 시간이다.","근신경 및 골격계 쇠약, 저혈압, 오심, 구토, 변비, 피로, 졸음, 어지러움, histamine 유리, 뇨관경련, 배뇨장애, 식욕부진, 위경련, 구갈, 담도경련, 신경과민, 두통, 초조, 권태, 혼동,  호흡곤란, 단호흡, 마비성 장폐색, 의식저하, 환각, 역설적 중추신경계 흥분, 뇌압상승,  발진, 두드러기, 육체적, 정신적 의존성",
N77,노르피파논,Norpipanone,마약,,,
N76,노르메사돈,Normethadone,마약,,,
N75,노르레보르파놀,Norlevorphanol,마약,,,
N74,노라시메사돌,Noracymethadol,마약,,,
N73,모르페리딘,Morpheridine,마약,,,
N72,모라마이드 제조중간체,Moramide Intermediate,마약,,,
N71,메사돈 제조 중간체,Methadone Intermediate,마약,,,
N70,메사돈,Methadone,마약,,,
N69,메타조신,Metazocine,마약,,,
N68,레보르파놀,Levorphanol,마약,,,
N67,레보페나실모르판,Levophenacylmorphan,마약,,,
N66,레보모라마이드,Levomoramide,마약,,,
N65,레보메소르판,Levomethorphan,마약,,,
N64,케토베미돈,Ketobemidone,마약,,,
N63,이소메사돈,Isomethadone,마약,,,
N62,히드록시페치딘,Hydroxypethidine,마약,,,
N61,푸레치딘,Furethidine,마약,,,
N60,펜타닐,Fentanyl,마약,,,
N59,에톡세리딘,Etoxeridine,마약,,,
N58,에토니타젠,Etonitazene,마약,,,
N57,에칠메칠치암부텐,Ethylmethylthiambutene,마약,,,
N56,디피파논,Dipipanone,마약,,,
N55,디펜옥시레이트,Diphenoxyrate,마약,,,
N54,디옥사페틸부티레이드,Dioxaphetyl butyrate,마약,,,
N53,디메칠치암부텐,Dimethylthiambutene,마약,,,
N52,디메페프타놀,Dimepheptanol,마약,,,
N51,디메녹사돌,Dimenoxadole,마약,,,
N50,디에칠치암부텐,Diethylthiambutene,마약,,,
N49,디암프로마이드,Diampromide,마약,,,
N48,덱스트로모라마이드,Dextromoramide,마약,,,
N47,클로니타진,Clonitazene,마약,,,
N46,베지트라마이드,Benzitramide,마약,,,
N45,베타프로딘,Betaprodine,마약,,,
N44,베타메사돌,Betamethadol,마약,,,
N43,베타메프로딘,Betameprodine,마약,,,
N42,베타세틸메사돌,Betacethylmethadol,마약,,,
N41,벤제치딘,Benzethidine,마약,,,
N40,아닐레리딘,Anileridine,마약,,,
N39,알파프로딘,Alphaprodine,마약,,,
N38,알파메사돌,Alphamethadol,마약,,,
N37,알파메프로딘,Alphameprodine,마약,,,
N36,알파세틸메사돌,Alphacetylmethadol,마약,,,
N35,알릴프로딘,Allylprodine,마약,,,
N34,아세틸메사돌,Acetylmethadol,마약,,,
N33,디히드로에트로핀,Dihydroetorphine,마약,"위장, 간, 신장에서 glucuronide 포합이 일어나 담즙으로 배설되며 일부 뇌와 피부에서도 대사가 일어나기도 한다.
 i.v. 투여 시 반감기는 37.2 분이다.","탐닉성이 있고, 동통의 역치가 증가한다.",
N32,폴코딘,Pholcodine,마약,"Morpholino ring에 N-demethylation, N-desalkylation, O-desalkylation, 산화작용에 의해 
desmorpholinohydroxy metabolites, nor-, nordesmorpholinohydroxy-, hydroxy-, oxo-,  noroxo-pholcodine 이 생성된다. 이러한 phase I 대사체는 포합대사체로 전환되지 않은 채, 약물 투여 후 5~7 주 까지 뇨로 배설된다.","오심, 기면이 발생한다.",
N31,노르코데인,Norcodeine,마약,"간에서 CYP3A4 에 의해 N-demethylation이 일어나나며, glucuronic acid와 포합체를 형성하여 대사되어 뇨로 배설된다.",코데인과 동일,
N30,니코코딘,Nicocodine,마약,,,
N29,에칠모르핀,Ethylmorphine,마약,"투여 후 48 시간 후 대사체의 77% 가 뇨로 배설 된다. Glucuronide 포합이 일어나 주요 최종 대사물은  ethylmorphine- 6-glucuronide이며, 일부는 CYP3A4 에 의해 N-demethylation된다.","소화 불량, 변비, 구토, 혼수, 피부 알레르기, 호흡 교란을 일으킨다.",
N28,디히드로코데인,Dihydrocodeine,마약,"경구투여시 95-100%가 흡수되며 뇌혈관장벽 통과, 태반 통과, 유즙 분비 등을 나타낸다. 초회통과효과를 나타내며, 반감기는 α상은 16-20분, β상은 3.4-4.5 시간이다. 혈중최고농도 도달시간은  1.6-1.8 시간이며, 신장을 통해 배설된다.","Codeine, pethidine, morphine보다 일반적으로 부작용이 적은데 이는 저용량을 투여하기 때문인 것이라고 여겨지고 있다. 부작용으로는 변비, 담도위축, 오심, 구토, 진정, 현기, 흥분, 쾌감, 환각, 악몽, 경미한 호흡억제, 금단증상 등이 있다.",
N27,코데인,Codeine,마약,"단백결합률은 7%정도이고, 간에서 morphine(활성형)으로 대사된다. 반감기는 2.5-3.5 시간으로 뇨를 통해 배설되는데 3-16%가 미변화체이고, norcodeine, 유리형 및 포합형 morphine으로 배설된다.","변비, 졸음, 국소적으로 주사부위의 화상, 근신경 및 골격계의 쇠약, 시야몽롱, 배뇨 감소, 요도경련, 빈맥, 서맥, 저혈압, 구갈, 식욕부진, 오심, 구토, 현기증(dizziness, lightheadedness), 착각(행복감), 권태감, 두통, 초조, 역설적인 중추신경계 흥분, 혼동, 발진, 담마진, 호흡곤란, 근육경직, 진전(trembling), 마비성 장폐쇄증 (paralytic ileus), 담도경련, 위경련, 경련, 환각, 정신 억제, 악몽, 불면",
N26,아세틸디히드로코데인,Acetyldihydrocodeine,마약,,디히드로코데인과 동일,
N25,테바인,Thebaine,마약,"Thebaine은 유도체로 지방 친화력이 대단히 크며, morphine과 비슷한 진통작용이 있으나 그 강도는 25~50배나 되며 μ-수용체의 부분에 작용한다. 작용 지속시간은 약간 길고, 호흡억제효과는 천천히 나타나서 오래 지속된다. 즉 근육주사를 하면 호흡억제는 그 작용이 3시간후에 가장 심하며 축동현상은 6시간후에 가장 강하게 나타난다.
Buprenorphine은 morphine 유사약물에 의존성이 생긴 환자에서 금단증상을 유발할수 있으며 또한 대량을 반복 사용하면 그 자체에 대해 육체적 의존성이 생긴다. 대부분의 투여경로를 통해서 흡수가 잘 되므로 수술 후 통증을 없애기 위해 설하투여도 한다. 흡수된Buprenorphine의 약 96%는 혈장단백과 결합을 하며 대부분은 그대로 대변을 통해 배설되나 미량만이 간장에서 대사되어 소변으로 배설된다. 진정, 오심, 구토, 졸음, 발한 및 두통이 흔히 보이는 부작용이며 장기간 반복 사용하면 내성과 육체적 의존성이 생기며 이때 투약을 중지하면 morphine과 비슷한 금단중상을 나타낸다.
제제로는 Buprenorphine HCl 0.3㎎/㎖ 주사액이 있으며 보통 0.3~0.6㎎을 6~8시간마다 투여한다.","중추신경을 흥분하며, 경련을 유발한다.",
N24,테바콘,Thebacon,마약,,,
N23,옥시모르폰,Oxymorphone,마약,6-keto 그룹이 환원대사되어 6-oxymorphol로 형태로 된다. 대사체는 glucuronide 포합체를 형성하여 뇨 배설된다.,"졸음이 오며, 호흡장애를 일으킨다.",
N22,옥시코돈,Oxycodone,마약,"간으로 대사되며, 소변으로 배설된다.","저혈압, 피로, 졸리움, 현기증, 오심, 구토, 근신경 및 골격계 쇠약, 신경과민, 두통, 불안, 불쾌감, 혼동, 식욕부진, 위경련, xerostomia, 변비, 담관 경련, 요로 경련, 요량 감소, 호흡곤란, 숨가쁨","옥시코돈은 암환자나 만성통증환자의 통증 치료용으로 사용하는데, 체내에 서서히 녹아 12시간 진통효과가 지속되도록 정제형태로 제조됐으나, 미국에서 마약대용으로 이를 갈아서 흡입하거나 물에 타 주사제로 사용하면서 각종 부작용으로 사망자가 속출한 사례가 있다."
N21,노르모르핀,Normorphine,마약,"모르핀이 N-demethylation 된 산화 대사체이다.  Glucuronide 포합이 일어나, normorphine-3-glucuronide로 대사되어 뇨로 배설된다.",대체로 모르핀과 유사,
N20,니코모르핀,Nicomorphine,마약,,,
N19,니코디코딘,Nicodicodine,마약,,,
N18,미로핀,Myrophine,마약,,,
N17,모르핀-엔-옥사이드,Morphine-N-oxide,마약,체내에서 glucuronide 포합이 일어나 뇨로 배설된다.,모르핀과 동일,
N16,모르핀,Morphine,마약,"간에서 glucuronide 포합 대사되며, 반감기는 신생아는 4.5-13.3 시간 (평균 7.6 시간), 성인은 2-4 시간이며, 미변화체로 신배설된다.","항이뇨호르몬(ADH) 분비, 홍조, 중추신경계 억제, 졸음, 진정, 뇌압상승, 육체적, 정신적 의존성, 발한, 주사부위의 통증, 근신경 및 골격계 쇠약, 심계항진, 저혈압, 서맥, 오심, 구토, 변비, 구갈,  현기(dizziness), Histamine 유리, 근신경 및 골격계 떨림, 시각장애, 배뇨곤란,  식욕부진, 위장관 자극, 구갈, 마비성 장폐색, 초조, 두통, 잘못된 행복감, 혼동, 호흡억제, 단호흡",
N15,메토폰,Metopon,마약,"빠른 초회통과대사를 받으며, 간에서 glucuronide 포합체로 뇨 배설된다.",대체로 모르핀과 유사,
N14,메칠디히드로모르핀,Methyldihydromorphine,마약,"체내에서 디히드로모르핀, 모르핀으로  전환된다. 그 대사체는 glucuronide 포합이 일어나 뇨로 배설된다.",대체로 모르핀과 유사,
N13,메칠데소르핀,Methyldesorphine,마약,,,
N12,히드로모르폰,Hydromorphone,마약,"24 시간동안 약 6%의 약이 유리형으로 배설되며, 30%가 hydromorphone의 포합체으로 배설된다. 뇨로 배설되며, 6-alpha와 6-beta-hydroxy 포합체만이 반응 생성물로 존재한다.","진정, 졸음, 정신혼탁, 기면상태, 정신적·육체적 수행 장애, 갈망, 두려움, 불쾌감, 정신적 의존성, 감정변화, 기립성저혈압, 뇨폐, 오심, 구토 등",
N11,히드로모르피놀,Hydromorphinol,마약,,,
N107,레미펜타닐,Remifentanil,마약,,,
N106,엠피피피,MPPP,마약,,,
N105,피이피에이피,PEPAP,마약,,,
N104,서펜타닐,Sufentanil,마약,,"서맥, 저혈압, 오심, 구토, 졸음, 호흡억제, 시야몽롱, 심부정맥, 기립성 저혈압, 담도경련, 혼동, 중추신경계 억제, 순환계 허탈, 경련, 감각이상, 역설적 중추신경계 흥분 또는 섬망, 의식저하, 어지러움, 발진, 두드러기, 가려움, 기관지 수축, 후두경련, 차고 창백한 피부, 담도 및 요도경련, 장기간 사용시 육체적, 정신적 의존성",
N103,3-메칠펜타닐,3-Methylfentanyl,마약,,,
N102,알파-메칠펜타닐,Alpha-methylfentanyl,마약,,,
N101,아세틸-알파-메칠펜타닐,Acetyl-alpha-methylfentanyl,마약,,,
N100,프로폭시펜,Propoxyphene,마약,,"부작용으로는 현기증, 진정작용, 매스꺼움, 구토, 복부의 통증, 두통, 환각, 다소 시각적인 장애가 있다. 알레르기 반응을 보이는 사람은  발진, 종기, 호흡곤란을 일으킨다.",
N10,히드로코돈,Hydrocodone,마약,"Hydrocodone 는 O- 와 N-의 demethyl화로 대사된다. 6-keto 그룹이 환원된다. 72 시간까지 약 26%가 뇨로 배설되는데, 그 중 12%는 미대사체이고, 나머지는 5% norhydrocodone, 4% conjugated hydrocodone, 3% 6-hydrocodol와 0.1%의 conjugated 6-hydromorphol이다.",,
N09,헤로인,Heroin,마약,"체내에서 모르핀으로 전환되며, 거의 모든 조직(혈액, 간, 신장, 뇨, 뇌, 폐, 위 등)으로 잘 분포된다. 대부분 간에서 대사되어 뇨, 변, 담즙 등으로 배설된다.",헤로인은 아편이나 모르핀과 마찬가지로 수면이나 정신적 공허감을 일으킨다. 약효가 강해서 소량으로도 충분한 반응을 얻을 수 있으나 지속시간이 짧다. 중독자는 4~6 시간 후면 재투약을 갈망하게 된다.,"헤로인과 모르핀은 주로 주사로 복용 되나 아편과 같이 흡연하기도하고 코점막으로 흡입하기도 하는반면, 아편은 흡연하거나 코점막을 통해 snort한다. Codeine, Oxycodone과 hydrocodone은 경구로 투여되나 다른 opioid는 주사로 투여된다."
N08,에토르핀,Etorphine,마약,,,
N07,에크고닌,Ecgonine,마약,"간 및 혈액내 에서 대사되며, 투여 후 3~21 시간 후 제거된다.",코카인과 동일,
N06,디히드로모르핀,Dihydromorphine,마약,간에서 glucuronide 포합 대사되어 뇨로 배설된다.,대체로 모르핀과 유사,
N05,데소모르핀,Desomorphine,마약,체내 대사되어 모르핀을 형성한다. 그 대사체는 glucuronide 포합반응을 거쳐 뇨로 배설된다.,모르핀과 동일,
N04,코독심,Codoxime,마약,,,
N03,코카인,Cocaine,마약,"체내에서 급속히 분해되기 때문에 약효가 신속한 대신 지속시간이 짧다. 
 35~54%가 benzoylecgonine으로, 32~49%는 ecgonine methyl ester로 분해되어 12 시간 이내에 초회 대사되어 혈중농도는 6700 ng/mL이 된다. Benzoylecgonine의 혈중농도는 4~8 시간에 52000 ng/mL로 최고가 되고, 서서히 감소되어 48~72 시간동안 400 ng/mL까지 대사되어 뇨로 배설된다.","주요 부작용은 불안, 우울증, 심장질환이다. 급성 코카인 섭취에 의한 부작용은 고혈압, 빈맥, 땀분비, 편집증을 포함하고, 불안증을 촉진시킬 수 있으며, 다른 흥분 약처럼 코카인의 중추신경 자극으로 정신적 우울증을 유발한다. 코카인에 금단현상을 나타내는 탐닉환자는 신체적 및 정신적 우울증뿐만 아니라 감정의 동요를 보인다. 치명적인 심부정맥과 경련을 유발할 수 있다. 코카인 사용자에서 심근 경색증 발생빈도는 용량, 사용기간, 투약경로와는 관계가 없다. 코카인을 복용한 후 생명에 치명적인 심장작용을 갖는 환자를 확인하는 지표는 없다.",코카인은 주로 코점막을 통해 사용되는데 효과는 투여 15-60분 후에 나타나게 된다. 또한 코카인은 헤로인과 섞어 정맥주사를 하는 경우를 “speedball”이라고 부르는데 주사가 sniffing보다 효과가 빨라 더 인기가 있다. 크랙이나 유리염기의 코카인은 파이프 등으로 흡연하거나 가열한 알루미늄 호일 위에 이들을 놓고 흡입하는 것이 일반적이다. 흡입에 의해 효과가 빨리 나타나기 때문에 탐닉성도 급속히 나타나게 된다.
N02,벤질모르핀,Benzylmorphine,마약,"간대사되어 모르핀 및 모르핀 대사체인 7,8-dihydromorphine- 6-glucuronide를 형성한다. 대사체는 뇨로 배설된다.",모르핀과 동일,
N01,아세토르핀,Acetorphine,마약,체내 대사되어 에토르핀을 형성한다.,에토르핀과 동일,
E04,부탄가스,Butane,환각성유해화학물,,,
E03,메틸알콜,Methanol,환각성유해화학물,,,
E02,초산에틸,Ethyl Acetate,환각성유해화학물,,,
E01,톨루엔,Toluene,환각성유해화학물,,,
D2,티에이치씨,THC,대마,,,
D01,대마,Cannabis,대마,,,"해쉬쉬와 마리화나는 주로 흡연에 의해 남용되는데,  해쉬쉬의 사용방법은 작은 덩어리나 조작으로 만들어 특별히 제작된 파이프로 흡연하는 것으로 알려져 있으며, 달콤하고 건초 같은 냄새 때문에 쉽게 흡연여부를 알 수 있다. 해쉬쉬오일의 사용 방법은 담배에 오일을 한 방울 떨어트려 흡연하는데 그 효과는 대마초를 한대 피운 것과 같다고 한다. 경구로 투여하면(해쉬쉬케이크) 흡연한 것 보다 효과가 3배정도 낮다."
C23,톨루엔,Toluene.,원료물질,,,
C22,황산(염류제외),Sulfuric Acid.,원료물질,,,
C21,과망간산칼륨,Potassium Permanganate.,원료물질,,,
C20,메칠에칠케톤,Methyl Ethyl Ketone.,원료물질,,,
C19,염산(염류제외),Hydrochloric Acid.,원료물질,,,
C18,페페리딘,Piperidine.,원료물질,,,
C17,초산페닐,Phenylacetic Acid.,원료물질,,,
C16,에칠에텔,Ethyl Ether.,원료물질,,,
C15,안스라닐릭산,Anthranilic acid (o-Aminobenzoic Acid).,원료물질,,,
C14,아세톤,Acetone.,원료물질,,,
C13,무수초산,Acetic Anhydride.,원료물질,,,
C12,놀에페드린,Norephedrine,원료물질,,,
C11,사프롤,Safrole.,원료물질,,,
C10,피페로날,Piperonal.,원료물질,,,
C09,"3,4-메칠렌디옥시페닐-2-프로파?","3,4-Methylenedioxy-phenyl-2-propanone",원료물질,,,
C08,이소사프롤,Isosafrole.,원료물질,,,
C07,엔-아세틸안스라닉산,N-acetyl-anthranilic acid,원료물질,,,
C06,슈도에페드린,Pseudoephedrine,원료물질,"반감기는 9-16 시간이며 투여량의 70-90%가 미변화체로, 1-6%가 norpseudoephedrine으로
소변으로 배설됨.","진전(tremor), 빈맥, 심계항진, 부정맥, 신경과민, 일시적인 흥분, 불면, 흥분성(excitability), 어지러움(dizziness), 졸음, 두통, 쇠약감, 어지러움(dizziness), 두통, 발한, 배뇨곤란, 오심, 구토, 경련, 환각, 호흡곤란",
C05,1-페닐-2-프로파논,1-Phenyl-2-propanone(Phenylacetone.),원료물질,,,
C04,리서직산,Lysergic Acid.,원료물질,,,
C03,에르고타민,Ergotamine.,원료물질,,,
C02,에르고메트린,Ergometrine(Ergonovine),원료물질,,"오심, 구토, 혈전정맥염, 이명, 심계항진, 서맥, 일시적인 흉통, 고혈압, 뇌혈관발작, 발작, 어지러움, 두통, 호흡곤란, 발한",
C01,에페드린,Ephedrine.,원료물질,"대사: 간대사를 거의 받지 않음 
반감기: 2.5-3.6 시간
배설: 24시간 내에 투여량의 60-77%가 미변화체로 뇨를 통해 배설","중추신경계 흥분작용, 신경과민, 초조(restlessness), 불안, 공포, 두려움(apprehension), 흥분(excitation, agitation), 불안정(irritability), 불면, 운동항진, 긴장",